player,team
TM Head,Sunrisers Hyderabad
Abhishek Sharma,Sunrisers Hyderabad
AK Markram,Sunrisers Hyderabad
Nithish Kumar Reddy,Sunrisers Hyderabad
RA Tripathi,Sunrisers Hyderabad
H Klaasen,Sunrisers Hyderabad
Abdul Samad,Sunrisers Hyderabad
Shahbaz Ahmed,Sunrisers Hyderabad
PJ Cummins,Sunrisers Hyderabad
B Kumar,Sunrisers Hyderabad
JD Unadkat,Sunrisers Hyderabad
S Dhawan,Punjab Kings
JM Bairstow,Punjab Kings
P Simran Singh,Punjab Kings
SM Curran,Punjab Kings
Sikandar Raza,Punjab Kings
Shashank Singh,Punjab Kings
JM Sharma,Punjab Kings
Ashutosh Sharma,Punjab Kings
RD Gaikwad,Chennai Super Kings
DP Conway,Chennai Super Kings
AM Rahane,Chennai Super Kings
S Dube,Chennai Super Kings
RA Jadeja,Chennai Super Kings
MS Dhoni,Chennai Super Kings
N Jagadeesan,Kolkata Knight Riders
SP Narine,Kolkata Knight Riders
VR Iyer,Kolkata Knight Riders
N Rana,Kolkata Knight Riders
JJ Roy,Kolkata Knight Riders
RK Singh,Kolkata Knight Riders
AD Russell,Kolkata Knight Riders
D Wiese,Kolkata Knight Riders
UT Yadav,Kolkata Knight Riders
CV Varun,Kolkata Knight Riders
GC Smith,Rajasthan Royals
NV Ojha,Rajasthan Royals
SA Asnodkar,Rajasthan Royals
RA Jadeja,Rajasthan Royals
YK Pathan,Rajasthan Royals
LA Carseldine,Rajasthan Royals
AS Raut,Rajasthan Royals
SK Warne,Rajasthan Royals
SM Harwood,Rajasthan Royals
M Vijay,Chennai Super Kings
ML Hayden,Chennai Super Kings
SK Raina,Chennai Super Kings
S Badrinath,Chennai Super Kings
JDP Oram,Chennai Super Kings
RG Sharma,Mumbai Indians
Q de Kock,Mumbai Indians
SA Yadav,Mumbai Indians
SS Tiwary,Mumbai Indians
KA Pollard,Mumbai Indians
HH Pandya,Mumbai Indians
KH Pandya,Mumbai Indians
NM Coulter-Nile,Mumbai Indians
J Yadav,Mumbai Indians
JJ Bumrah,Mumbai Indians
PP Shaw,Delhi Capitals
S Dhawan,Delhi Capitals
SPD Smith,Delhi Capitals
RR Pant,Delhi Capitals
SS Iyer,Delhi Capitals
AR Patel,Delhi Capitals
SO Hetmyer,Delhi Capitals
R Ashwin,Delhi Capitals
LMP Simmons,Mumbai Indians
PA Patel,Mumbai Indians
AT Rayudu,Mumbai Indians
Harbhajan Singh,Mumbai Indians
J Suchith,Mumbai Indians
DR Smith,Chennai Super Kings
F du Plessis,Chennai Super Kings
MEK Hussey,Chennai Super Kings
DJ Bravo,Chennai Super Kings
P Negi,Chennai Super Kings
R Ashwin,Chennai Super Kings
MM Sharma,Chennai Super Kings
A Nehra,Chennai Super Kings
G Gambhir,Delhi Capitals
V Sehwag,Delhi Capitals
TM Dilshan,Delhi Capitals
MF Maharoof,Delhi Capitals
Shoaib Malik,Delhi Capitals
SE Marsh,Punjab Kings
JR Hopes,Punjab Kings
Yuvraj Singh,Punjab Kings
LA Pomersbach,Punjab Kings
DPMD Jayawardene,Punjab Kings
FY Fazal,Rajasthan Royals
R Dravid,Rajasthan Royals
AM Rahane,Rajasthan Royals
SR Watson,Rajasthan Royals
AL Menaria,Rajasthan Royals
PR Shah,Rajasthan Royals
JDP Oram,Rajasthan Royals
AA Chavan,Rajasthan Royals
SW Tait,Rajasthan Royals
ND Doshi,Rajasthan Royals
BB McCullum,Kochi Tuskers Kerala
DPMD Jayawardene,Kochi Tuskers Kerala
PA Patel,Kochi Tuskers Kerala
BJ Hodge,Kochi Tuskers Kerala
CH Gayle,Royal Challengers Bengaluru
TM Dilshan,Royal Challengers Bengaluru
V Kohli,Royal Challengers Bengaluru
UBT Chand,Delhi Capitals
DA Warner,Delhi Capitals
Y Venugopal Rao,Delhi Capitals
DPMD Jayawardene,Delhi Capitals
LRPL Taylor,Delhi Capitals
NV Ojha,Delhi Capitals
AD Russell,Delhi Capitals
IK Pathan,Delhi Capitals
P Negi,Delhi Capitals
UT Yadav,Delhi Capitals
CA Ingram,Delhi Capitals
KMA Paul,Delhi Capitals
R Tewatia,Delhi Capitals
Yuvraj Singh,Mumbai Indians
BCJ Cutting,Mumbai Indians
MJ McClenaghan,Mumbai Indians
Rasikh Salam,Mumbai Indians
KS Williamson,Sunrisers Hyderabad
N Pooran,Sunrisers Hyderabad
Washington Sundar,Sunrisers Hyderabad
Shashank Singh,Sunrisers Hyderabad
M Jansen,Sunrisers Hyderabad
WP Saha,Gujarat Titans
Shubman Gill,Gujarat Titans
HH Pandya,Gujarat Titans
DA Miller,Gujarat Titans
R Tewatia,Gujarat Titans
A Manohar,Gujarat Titans
Rashid Khan,Gujarat Titans
AM Rahane,Rising Pune Supergiants
F du Plessis,Rising Pune Supergiants
KP Pietersen,Rising Pune Supergiants
NLTC Perera,Rising Pune Supergiants
SPD Smith,Rising Pune Supergiants
MS Dhoni,Rising Pune Supergiants
IK Pathan,Rising Pune Supergiants
R Ashwin,Rising Pune Supergiants
M Vijay,Punjab Kings
M Vohra,Punjab Kings
DA Miller,Punjab Kings
GJ Maxwell,Punjab Kings
WP Saha,Punjab Kings
MA Agarwal,Punjab Kings
LS Livingstone,Punjab Kings
M Shahrukh Khan,Punjab Kings
OF Smith,Punjab Kings
Ishan Kishan,Mumbai Indians
D Brevis,Mumbai Indians
Tilak Varma,Mumbai Indians
JD Unadkat,Mumbai Indians
M Ashwin,Mumbai Indians
TS Mills,Mumbai Indians
PA Patel,Chennai Super Kings
L Ronchi,Mumbai Indians
ST Jayasuriya,Mumbai Indians
RV Uthappa,Mumbai Indians
SM Pollock,Mumbai Indians
DJ Bravo,Mumbai Indians
AM Nayar,Mumbai Indians
MA Khote,Mumbai Indians
A Nehra,Mumbai Indians
BB McCullum,Chennai Super Kings
M Manhas,Chennai Super Kings
AM Nayar,Rajasthan Royals
SV Samson,Rajasthan Royals
SPD Smith,Rajasthan Royals
STR Binny,Rajasthan Royals
R Bhatia,Rajasthan Royals
JP Faulkner,Rajasthan Royals
TG Southee,Rajasthan Royals
DS Kulkarni,Rajasthan Royals
PV Tambe,Rajasthan Royals
B Sai Sudharsan,Gujarat Titans
JC Buttler,Gujarat Titans
M Shahrukh Khan,Gujarat Titans
SE Rutherford,Gujarat Titans
K Rabada,Gujarat Titans
R Sai Kishore,Gujarat Titans
RD Rickelton,Mumbai Indians
R Minz,Mumbai Indians
Naman Dhir,Mumbai Indians
MJ Santner,Mumbai Indians
RS Bopara,Punjab Kings
K Goel,Punjab Kings
IK Pathan,Punjab Kings
KC Sangakkara,Punjab Kings
T Kohli,Punjab Kings
PP Chawla,Punjab Kings
BB McCullum,Kolkata Knight Riders
CH Gayle,Kolkata Knight Riders
BJ Hodge,Kolkata Knight Riders
RE Levi,Mumbai Indians
DJ Jacobs,Mumbai Indians
KD Karthik,Mumbai Indians
CJ McKay,Mumbai Indians
RP Singh,Mumbai Indians
PP Ojha,Mumbai Indians
MM Patel,Mumbai Indians
KP Pietersen,Delhi Capitals
Ishan Kishan,Sunrisers Hyderabad
Aniket Verma,Sunrisers Hyderabad
A Manohar,Sunrisers Hyderabad
PD Salt,Royal Challengers Bengaluru
MA Agarwal,Royal Challengers Bengaluru
RM Patidar,Royal Challengers Bengaluru
JM Sharma,Royal Challengers Bengaluru
R Shepherd,Royal Challengers Bengaluru
TH David,Royal Challengers Bengaluru
KH Pandya,Royal Challengers Bengaluru
B Kumar,Royal Challengers Bengaluru
Yash Dayal,Royal Challengers Bengaluru
L Ngidi,Royal Challengers Bengaluru
JC Buttler,Rajasthan Royals
D Padikkal,Rajasthan Royals
DJ Mitchell,Rajasthan Royals
SO Hetmyer,Rajasthan Royals
R Parag,Rajasthan Royals
R Ashwin,Rajasthan Royals
TA Boult,Rajasthan Royals
TH David,Mumbai Indians
DR Sams,Mumbai Indians
MA Agarwal,Delhi Capitals
M Vijay,Delhi Capitals
KD Karthik,Delhi Capitals
MK Tiwary,Delhi Capitals
JP Duminy,Delhi Capitals
PA Patel,Royal Challengers Bengaluru
NJ Maddinson,Royal Challengers Bengaluru
Yuvraj Singh,Royal Challengers Bengaluru
PC Valthaty,Rajasthan Royals
RJ Quiney,Rajasthan Royals
AD Mascarenhas,Rajasthan Royals
LR Shukla,Kolkata Knight Riders
SC Ganguly,Kolkata Knight Riders
SB Bangar,Kolkata Knight Riders
Yashpal Singh,Kolkata Knight Riders
AB Agarkar,Kolkata Knight Riders
I Sharma,Kolkata Knight Riders
AK Markram,Lucknow Super Giants
MR Marsh,Lucknow Super Giants
N Pooran,Lucknow Super Giants
RR Pant,Lucknow Super Giants
A Badoni,Lucknow Super Giants
DA Miller,Lucknow Super Giants
Abdul Samad,Lucknow Super Giants
SN Thakur,Lucknow Super Giants
Avesh Khan,Lucknow Super Giants
Priyansh Arya,Punjab Kings
SS Iyer,Punjab Kings
N Wadhera,Punjab Kings
RA Jadeja,Kochi Tuskers Kerala
KM Jadhav,Kochi Tuskers Kerala
RV Gomez,Kochi Tuskers Kerala
R Vinay Kumar,Kochi Tuskers Kerala
RR Powar,Kochi Tuskers Kerala
MS Bisla,Kolkata Knight Riders
JH Kallis,Kolkata Knight Riders
G Gambhir,Kolkata Knight Riders
MK Tiwary,Kolkata Knight Riders
EJG Morgan,Kolkata Knight Riders
Shakib Al Hasan,Kolkata Knight Riders
YK Pathan,Kolkata Knight Riders
R Bhatia,Kolkata Knight Riders
B Lee,Kolkata Knight Riders
Iqbal Abdulla,Kolkata Knight Riders
L Balaji,Kolkata Knight Riders
UBT Chand,Mumbai Indians
KK Nair,Rajasthan Royals
DJ Hooda,Rajasthan Royals
J Theron,Rajasthan Royals
RV Uthappa,Pune Warriors
JD Ryder,Pune Warriors
SC Ganguly,Pune Warriors
SPD Smith,Pune Warriors
AD Mathews,Pune Warriors
Y Nagar,Delhi Capitals
M Morkel,Delhi Capitals
AC Gilchrist,Deccan Chargers
HH Gibbs,Deccan Chargers
AA Bilakhia,Deccan Chargers
RG Sharma,Deccan Chargers
TL Suman,Deccan Chargers
DR Smith,Deccan Chargers
Y Venugopal Rao,Deccan Chargers
Shoaib Ahmed,Deccan Chargers
RP Singh,Deccan Chargers
PP Ojha,Deccan Chargers
AB de Villiers,Delhi Capitals
M Manhas,Delhi Capitals
YBK Jaiswal,Rajasthan Royals
Dhruv Jurel,Rajasthan Royals
AT Rayudu,Chennai Super Kings
MM Ali,Chennai Super Kings
DJ Mitchell,Chennai Super Kings
Q de Kock,Lucknow Super Giants
MP Stoinis,Lucknow Super Giants
KL Rahul,Lucknow Super Giants
D Padikkal,Lucknow Super Giants
DJ Hooda,Lucknow Super Giants
Q de Kock,Delhi Capitals
Yuvraj Singh,Delhi Capitals
JA Morkel,Delhi Capitals
KM Jadhav,Delhi Capitals
PD Salt,Kolkata Knight Riders
SS Iyer,Kolkata Knight Riders
Ramandeep Singh,Kolkata Knight Riders
MA Starc,Kolkata Knight Riders
N Wadhera,Mumbai Indians
A Kamboj,Mumbai Indians
PP Chawla,Mumbai Indians
SN Thakur,Chennai Super Kings
Anmolpreet Singh,Mumbai Indians
AF Milne,Mumbai Indians
RD Chahar,Mumbai Indians
B Chipli,Royal Challengers Bengaluru
W Jaffer,Royal Challengers Bengaluru
JH Kallis,Royal Challengers Bengaluru
Misbah-ul-Haq,Royal Challengers Bengaluru
R Dravid,Royal Challengers Bengaluru
MV Boucher,Royal Challengers Bengaluru
P Kumar,Royal Challengers Bengaluru
VVS Laxman,Deccan Chargers
Shahid Afridi,Deccan Chargers
SB Styris,Deccan Chargers
SB Bangar,Deccan Chargers
AS Yadav,Deccan Chargers
MJ Guptill,Mumbai Indians
JC Buttler,Mumbai Indians
DA Warner,Sunrisers Hyderabad
S Dhawan,Sunrisers Hyderabad
MC Henriques,Sunrisers Hyderabad
EJG Morgan,Sunrisers Hyderabad
DJ Hooda,Sunrisers Hyderabad
RV Uthappa,Chennai Super Kings
D Pretorius,Chennai Super Kings
MK Pandey,Lucknow Super Giants
E Lewis,Lucknow Super Giants
P Nissanka,Delhi Capitals
KL Rahul,Delhi Capitals
N Rana,Delhi Capitals
Sameer Rizvi,Delhi Capitals
DA Miller,Delhi Capitals
T Stubbs,Delhi Capitals
Ashutosh Sharma,Delhi Capitals
Kuldeep Yadav,Delhi Capitals
L Ngidi,Delhi Capitals
BA Stokes,Rajasthan Royals
AJ Turner,Rajasthan Royals
SE Rutherford,Delhi Capitals
CA Pujara,Punjab Kings
V Sehwag,Punjab Kings
GJ Bailey,Punjab Kings
R Dhawan,Punjab Kings
AR Patel,Punjab Kings
MG Johnson,Punjab Kings
L Balaji,Punjab Kings
Sandeep Sharma,Punjab Kings
MK Pandey,Kolkata Knight Riders
CA Lynn,Kolkata Knight Riders
RV Uthappa,Kolkata Knight Riders
SA Yadav,Kolkata Knight Riders
PP Chawla,Kolkata Knight Riders
M Morkel,Kolkata Knight Riders
M Markande,Mumbai Indians
MM Ali,Royal Challengers Bengaluru
AB de Villiers,Royal Challengers Bengaluru
SO Hetmyer,Royal Challengers Bengaluru
C de Grandhomme,Royal Challengers Bengaluru
S Dube,Royal Challengers Bengaluru
Yuvraj Singh,Sunrisers Hyderabad
BCJ Cutting,Sunrisers Hyderabad
Mandeep Singh,Royal Challengers Bengaluru
TM Head,Royal Challengers Bengaluru
KM Jadhav,Royal Challengers Bengaluru
SR Watson,Royal Challengers Bengaluru
Sachin Baby,Royal Challengers Bengaluru
STR Binny,Royal Challengers Bengaluru
S Aravind,Royal Challengers Bengaluru
YS Chahal,Royal Challengers Bengaluru
TS Mills,Royal Challengers Bengaluru
A Choudhary,Royal Challengers Bengaluru
PK Garg,Sunrisers Hyderabad
R Shepherd,Sunrisers Hyderabad
J Suchith,Sunrisers Hyderabad
Umran Malik,Sunrisers Hyderabad
PN Mankad,Punjab Kings
Mandeep Singh,Punjab Kings
AC Gilchrist,Punjab Kings
DJ Hussey,Punjab Kings
Gurkeerat Singh,Punjab Kings
Azhar Mahmood,Punjab Kings
R Sathish,Punjab Kings
RJ Harris,Punjab Kings
P Kumar,Punjab Kings
P Awana,Punjab Kings
Shubman Gill,Kolkata Knight Riders
RA Tripathi,Kolkata Knight Riders
KD Karthik,Kolkata Knight Riders
PJ Cummins,Kolkata Knight Riders
KL Nagarkoti,Kolkata Knight Riders
RV Uthappa,Rajasthan Royals
R Tewatia,Rajasthan Royals
S Gopal,Rajasthan Royals
JC Archer,Rajasthan Royals
Kartik Tyagi,Rajasthan Royals
VR Aaron,Rajasthan Royals
WG Jacks,Mumbai Indians
C Bosch,Mumbai Indians
DL Chahar,Mumbai Indians
KV Sharma,Mumbai Indians
G Coetzee,Gujarat Titans
Arshad Khan,Gujarat Titans
WP Saha,Sunrisers Hyderabad
MK Pandey,Sunrisers Hyderabad
Shakib Al Hasan,Sunrisers Hyderabad
YK Pathan,Sunrisers Hyderabad
Mohammad Nabi,Sunrisers Hyderabad
Rashid Khan,Sunrisers Hyderabad
Basil Thampi,Sunrisers Hyderabad
S Kaul,Sunrisers Hyderabad
Sandeep Sharma,Sunrisers Hyderabad
E Lewis,Mumbai Indians
Mustafizur Rahman,Mumbai Indians
MS Bisla,Royal Challengers Bengaluru
RR Rossouw,Royal Challengers Bengaluru
KD Karthik,Royal Challengers Bengaluru
SN Khan,Royal Challengers Bengaluru
D Wiese,Royal Challengers Bengaluru
HV Patel,Royal Challengers Bengaluru
MA Starc,Royal Challengers Bengaluru
MK Pandey,Pune Warriors
Yuvraj Singh,Pune Warriors
Harpreet Singh,Pune Warriors
M Manhas,Pune Warriors
NL McCullum,Pune Warriors
R Sharma,Pune Warriors
J Botha,Rajasthan Royals
LRPL Taylor,Rajasthan Royals
JA Morkel,Chennai Super Kings
MJ Lumb,Rajasthan Royals
AA Jhunjhunwala,Rajasthan Royals
HC Brook,Sunrisers Hyderabad
MA Agarwal,Sunrisers Hyderabad
GD Phillips,Sunrisers Hyderabad
AU Rashid,Sunrisers Hyderabad
MP Stoinis,Delhi Capitals
GJ Maxwell,Delhi Capitals
V Shankar,Delhi Capitals
Abhishek Sharma,Delhi Capitals
HV Patel,Delhi Capitals
SR Watson,Chennai Super Kings
SW Billings,Chennai Super Kings
DL Chahar,Chennai Super Kings
V Suryavanshi,Rajasthan Royals
D Ferreira,Rajasthan Royals
Kumar Kushagra,Gujarat Titans
GD Phillips,Gujarat Titans
Washington Sundar,Gujarat Titans
Ashok Sharma,Gujarat Titans
MR Marsh,Delhi Capitals
Abishek Porel,Delhi Capitals
R Ravindra,Chennai Super Kings
Sameer Rizvi,Chennai Super Kings
PA Patel,Deccan Chargers
CL White,Deccan Chargers
S Dhawan,Deccan Chargers
KC Sangakkara,Deccan Chargers
JP Duminy,Deccan Chargers
BB Samantray,Deccan Chargers
MJ Clarke,Pune Warriors
MN Samuels,Pune Warriors
DR Smith,Mumbai Indians
SR Tendulkar,Mumbai Indians
MG Johnson,Mumbai Indians
DB Das,Kolkata Knight Riders
R McLaren,Kolkata Knight Riders
MD Mishra,Deccan Chargers
A Symonds,Deccan Chargers
MR Marsh,Deccan Chargers
B Sumanth,Deccan Chargers
WPUJC Vaas,Deccan Chargers
R Sharma,Deccan Chargers
PD Collingwood,Delhi Capitals
A Mishra,Delhi Capitals
A Nehra,Delhi Capitals
S Vidyut,Chennai Super Kings
SP Fleming,Chennai Super Kings
CK Kapugedera,Chennai Super Kings
NV Ojha,Sunrisers Hyderabad
V Shankar,Sunrisers Hyderabad
N Rana,Mumbai Indians
CJ Ferguson,Pune Warriors
S Rana,Pune Warriors
WD Parnell,Pune Warriors
SP Goswami,Kolkata Knight Riders
JPR Scantlebury-Searles,Kolkata Knight Riders
KL Rahul,Punjab Kings
CH Gayle,Punjab Kings
KK Nair,Punjab Kings
AJ Finch,Punjab Kings
R Ashwin,Punjab Kings
AJ Tye,Punjab Kings
BB Sran,Punjab Kings
MM Sharma,Punjab Kings
SN Khan,Punjab Kings
AK Markram,Punjab Kings
MC Henriques,Punjab Kings
SN Khan,Delhi Capitals
RR Rossouw,Delhi Capitals
Aman Hakim Khan,Delhi Capitals
A Nortje,Delhi Capitals
V Shankar,Gujarat Titans
DT Christian,Royal Challengers Bengaluru
KK Nair,Royal Challengers Bengaluru
KB Arun Karthik,Royal Challengers Bengaluru
RT Ponting,Mumbai Indians
CH Morris,Chennai Super Kings
B Laughlin,Chennai Super Kings
RK Bhui,Delhi Capitals
OC McCoy,Rajasthan Royals
MS Wade,Gujarat Titans
HM Amla,Punjab Kings
MP Stoinis,Punjab Kings
BB McCullum,Gujarat Lions
AJ Finch,Gujarat Lions
SK Raina,Gujarat Lions
KD Karthik,Gujarat Lions
RA Jadeja,Gujarat Lions
DR Smith,Gujarat Lions
AD Nath,Gujarat Lions
AJ Tye,Gujarat Lions
Basil Thampi,Gujarat Lions
AJ Finch,Sunrisers Hyderabad
KL Rahul,Sunrisers Hyderabad
Y Venugopal Rao,Sunrisers Hyderabad
DJG Sammy,Sunrisers Hyderabad
KV Sharma,Sunrisers Hyderabad
MP Stoinis,Royal Challengers Bengaluru
NS Naik,Punjab Kings
AP Tare,Sunrisers Hyderabad
F du Plessis,Royal Challengers Bengaluru
GJ Maxwell,Royal Challengers Bengaluru
Kartik Tyagi,Sunrisers Hyderabad
Fazalhaq Farooqi,Sunrisers Hyderabad
Anureet Singh,Punjab Kings
Karanveer Singh,Punjab Kings
BB McCullum,Royal Challengers Bengaluru
M Ashwin,Royal Challengers Bengaluru
TG Southee,Royal Challengers Bengaluru
UT Yadav,Royal Challengers Bengaluru
Mohammed Siraj,Royal Challengers Bengaluru
DR Shorey,Chennai Super Kings
Rahmanullah Gurbaz,Kolkata Knight Riders
AM Rahane,Kolkata Knight Riders
A Raghuvanshi,Kolkata Knight Riders
R Powell,Kolkata Knight Riders
AS Roy,Kolkata Knight Riders
Harshit Rana,Kolkata Knight Riders
KK Nair,Delhi Capitals
F du Plessis,Delhi Capitals
V Nigam,Delhi Capitals
MA Starc,Delhi Capitals
PVD Chameera,Delhi Capitals
AD Nath,Royal Challengers Bengaluru
P Negi,Royal Challengers Bengaluru
CH Morris,Delhi Capitals
IK Pathan,Sunrisers Hyderabad
DW Steyn,Sunrisers Hyderabad
A Mishra,Sunrisers Hyderabad
KW Richardson,Rajasthan Royals
BJ Hodge,Rajasthan Royals
OA Shah,Rajasthan Royals
KK Cooper,Rajasthan Royals
PC Valthaty,Punjab Kings
AM Nayar,Punjab Kings
Bipul Sharma,Punjab Kings
JP Faulkner,Punjab Kings
Harmeet Singh,Punjab Kings
AJ Finch,Pune Warriors
LRPL Taylor,Pune Warriors
TL Suman,Pune Warriors
MR Marsh,Pune Warriors
AM Nayar,Pune Warriors
B Kumar,Pune Warriors
M Kaif,Punjab Kings
MS Bisla,Punjab Kings
J Theron,Punjab Kings
RR Powar,Punjab Kings
MS Gony,Chennai Super Kings
MJ Guptill,Punjab Kings
AJ Finch,Delhi Capitals
KD Karthik,Punjab Kings
Sunny Singh,Punjab Kings
OA Shah,Kochi Tuskers Kerala
C de Grandhomme,Kolkata Knight Riders
GJ Maxwell,Mumbai Indians
AP Tare,Mumbai Indians
R Dhawan,Mumbai Indians
SL Malinga,Mumbai Indians
MEK Hussey,Mumbai Indians
CJ Anderson,Mumbai Indians
KH Pandya,Lucknow Super Giants
IR Jaggi,Deccan Chargers
B Chipli,Deccan Chargers
DT Christian,Deccan Chargers
DB Ravi Teja,Deccan Chargers
DW Steyn,Deccan Chargers
A Mishra,Deccan Chargers
I Sharma,Deccan Chargers
A Ashish Reddy,Sunrisers Hyderabad
GH Vihari,Sunrisers Hyderabad
N Pooran,Punjab Kings
DJ Hooda,Punjab Kings
JDS Neesham,Punjab Kings
CJ Jordan,Punjab Kings
DJ Harris,Deccan Chargers
SMSM Senanayake,Kolkata Knight Riders
JP Inglis,Lucknow Super Giants
LG Pretorius,Rajasthan Royals
Mujeeb Ur Rahman,Punjab Kings
Mohammed Shami,Punjab Kings
M Ashwin,Punjab Kings
DJ Thornely,Mumbai Indians
PR Shah,Mumbai Indians
S Chanderpaul,Royal Challengers Bengaluru
LRPL Taylor,Royal Challengers Bengaluru
B Akhil,Royal Challengers Bengaluru
Lalit Yadav,Delhi Capitals
R Powell,Delhi Capitals
SN Thakur,Delhi Capitals
SW Billings,Kolkata Knight Riders
Rasikh Salam,Kolkata Knight Riders
Anirudh Singh,Deccan Chargers
Jaskaran Singh,Deccan Chargers
AB Barath,Punjab Kings
S Sreesanth,Punjab Kings
SS Tiwary,Royal Challengers Bengaluru
R Rampaul,Royal Challengers Bengaluru
LJ Wright,Pune Warriors
AG Murtaza,Pune Warriors
IC Pandey,Pune Warriors
AB Dinda,Pune Warriors
D Padikkal,Royal Challengers Bengaluru
AJ Finch,Royal Challengers Bengaluru
JR Philippe,Royal Challengers Bengaluru
Washington Sundar,Royal Challengers Bengaluru
Navdeep Saini,Royal Challengers Bengaluru
DW Steyn,Royal Challengers Bengaluru
RN ten Doeschate,Kolkata Knight Riders
GB Hogg,Kolkata Knight Riders
AA Kulkarni,Lucknow Super Giants
MD Choudhary,Lucknow Super Giants
Arjun Tendulkar,Lucknow Super Giants
C Connolly,Punjab Kings
Suryansh Shedge,Punjab Kings
SV Samson,Delhi Capitals
CR Brathwaite,Delhi Capitals
NM Coulter-Nile,Delhi Capitals
Z Khan,Delhi Capitals
RT Ponting,Kolkata Knight Riders
WP Saha,Kolkata Knight Riders
DJ Hussey,Kolkata Knight Riders
Mohammad Hafeez,Kolkata Knight Riders
M Kartik,Kolkata Knight Riders
Anuj Rawat,Royal Challengers Bengaluru
SS Prabhudessai,Royal Challengers Bengaluru
Shahbaz Ahmed,Royal Challengers Bengaluru
DL Vettori,Delhi Capitals
CL White,Royal Challengers Bengaluru
KP Pietersen,Royal Challengers Bengaluru
RV Uthappa,Royal Challengers Bengaluru
R Vinay Kumar,Royal Challengers Bengaluru
A Mithun,Royal Challengers Bengaluru
KP Appanna,Royal Challengers Bengaluru
A Kumble,Royal Challengers Bengaluru
Sohail Tanvir,Rajasthan Royals
M Kaif,Rajasthan Royals
M Rawat,Rajasthan Royals
SK Trivedi,Rajasthan Royals
Mohammad Asif,Delhi Capitals
VY Mahesh,Delhi Capitals
GD McGrath,Delhi Capitals
RA Tripathi,Rising Pune Supergiants
MK Tiwary,Rising Pune Supergiants
DT Christian,Rising Pune Supergiants
DM Bravo,Kolkata Knight Riders
M Klinger,Kochi Tuskers Kerala
MV Boucher,Kolkata Knight Riders
KS Bharat,Royal Challengers Bengaluru
KA Jamieson,Royal Challengers Bengaluru
TA Boult,Mumbai Indians
J Fraser-McGurk,Delhi Capitals
SD Hope,Delhi Capitals
Gulbadin Naib,Delhi Capitals
Rasikh Salam,Delhi Capitals
SB Dubey,Rajasthan Royals
R Powell,Rajasthan Royals
Avesh Khan,Rajasthan Royals
CH Morris,Rajasthan Royals
JO Holder,Kolkata Knight Riders
LR Shukla,Delhi Capitals
R Shukla,Delhi Capitals
AD Mascarenhas,Punjab Kings
TK Curran,Rajasthan Royals
SM Curran,Chennai Super Kings
KM Jadhav,Chennai Super Kings
S Sohal,Deccan Chargers
MJ Santner,Chennai Super Kings
Harbhajan Singh,Chennai Super Kings
RA Bawa,Mumbai Indians
JG Bethell,Royal Challengers Bengaluru
Rasikh Salam,Royal Challengers Bengaluru
DL Vettori,Royal Challengers Bengaluru
Salman Butt,Kolkata Knight Riders
A Chopra,Kolkata Knight Riders
T Taibu,Kolkata Knight Riders
AN Ghosh,Kolkata Knight Riders
AD Mathews,Kolkata Knight Riders
JD Ryder,Royal Challengers Bengaluru
Vishnu Vinod,Mumbai Indians
C Green,Mumbai Indians
Noor Ahmad,Gujarat Titans
AS Joseph,Gujarat Titans
JA Richardson,Punjab Kings
M Vohra,Rajasthan Royals
S Dube,Rajasthan Royals
UT Khawaja,Rising Pune Supergiants
GJ Bailey,Rising Pune Supergiants
A Ashish Reddy,Deccan Chargers
AA Jhunjhunwala,Deccan Chargers
LPC Silva,Deccan Chargers
M Jansen,Punjab Kings
XC Bartlett,Punjab Kings
AS Rajpoot,Punjab Kings
KL Rahul,Royal Challengers Bengaluru
JM Bairstow,Sunrisers Hyderabad
Virat Singh,Sunrisers Hyderabad
KM Jadhav,Sunrisers Hyderabad
PBB Rajapaksa,Punjab Kings
Harpreet Brar,Punjab Kings
R Bhatia,Delhi Capitals
PJ Sangwan,Delhi Capitals
SD Lad,Mumbai Indians
AS Joseph,Mumbai Indians
A Mhatre,Chennai Super Kings
SK Rasheed,Chennai Super Kings
D Brevis,Chennai Super Kings
ER Dwivedi,Gujarat Lions
DJ Bravo,Gujarat Lions
DS Kulkarni,Gujarat Lions
Bipul Sharma,Sunrisers Hyderabad
AD Hales,Sunrisers Hyderabad
M Vohra,Royal Challengers Bengaluru
MM Sharma,Delhi Capitals
JA Morkel,Rising Pune Supergiants
R Bhatia,Rising Pune Supergiants
R Sathish,Kolkata Knight Riders
RA Bawa,Punjab Kings
TL Seifert,Kolkata Knight Riders
C Green,Kolkata Knight Riders
Himmat Singh,Lucknow Super Giants
GF Linde,Lucknow Super Giants
Mohammed Shami,Lucknow Super Giants
Prince Yadav,Lucknow Super Giants
TL Seifert,Delhi Capitals
Mandeep Singh,Delhi Capitals
SV Samson,Chennai Super Kings
Urvil Patel,Chennai Super Kings
SN Khan,Chennai Super Kings
Kartik Sharma,Chennai Super Kings
J Overton,Chennai Super Kings
Kuldeep Yadav,Kolkata Knight Riders
M Prasidh Krishna,Kolkata Knight Riders
HF Gurney,Kolkata Knight Riders
DJM Short,Rajasthan Royals
RA Tripathi,Rajasthan Royals
K Gowtham,Rajasthan Royals
JD Unadkat,Rajasthan Royals
PHKD Mendis,Sunrisers Hyderabad
RA Tripathi,Chennai Super Kings
V Shankar,Chennai Super Kings
H Klaasen,Rajasthan Royals
B Laughlin,Rajasthan Royals
Arshad Khan,Lucknow Super Giants
R Shepherd,Mumbai Indians
NT Ellis,Punjab Kings
MW Short,Chennai Super Kings
Noor Ahmad,Chennai Super Kings
MJ Henry,Chennai Super Kings
A Kamboj,Chennai Super Kings
IS Sodhi,Rajasthan Royals
Anureet Singh,Rajasthan Royals
Anmolpreet Singh,Sunrisers Hyderabad
MK Pandey,Royal Challengers Bengaluru
RE van der Merwe,Royal Challengers Bengaluru
RJ Harris,Deccan Chargers
BB Sran,Sunrisers Hyderabad
SS Tiwary,Rising Pune Supergiants
A Zampa,Rising Pune Supergiants
BA Stokes,Chennai Super Kings
M Morkel,Rajasthan Royals
MM Patel,Rajasthan Royals
SN Thakur,Kolkata Knight Riders
NK Patel,Rajasthan Royals
CR Brathwaite,Kolkata Knight Riders
S Arora,Sunrisers Hyderabad
Akshat Raghuwanshi,Lucknow Super Giants
Shahbaz Ahmed,Lucknow Super Giants
PR Veer,Chennai Super Kings
SP Goswami,Rajasthan Royals
AM Rahane,Delhi Capitals
K Rabada,Delhi Capitals
TU Deshpande,Delhi Capitals
MA Wood,Chennai Super Kings
Imran Tahir,Chennai Super Kings
LS Livingstone,Royal Challengers Bengaluru
MS Bhandage,Royal Challengers Bengaluru
JR Hazlewood,Royal Challengers Bengaluru
JP Inglis,Punjab Kings
TR Birt,Delhi Capitals
RE van der Merwe,Delhi Capitals
JJ Roy,Sunrisers Hyderabad
JO Holder,Sunrisers Hyderabad
KC Cariappa,Punjab Kings
Ishan Kishan,Gujarat Lions
JP Faulkner,Gujarat Lions
P Kumar,Gujarat Lions
AP Dole,Rajasthan Royals
S Badree,Royal Challengers Bengaluru
WA Mota,Punjab Kings
I Malhotra,Deccan Chargers
JR Hopes,Delhi Capitals
NLTC Perera,Punjab Kings
N Saini,Punjab Kings
PA Patel,Sunrisers Hyderabad
CL White,Sunrisers Hyderabad
NLTC Perera,Sunrisers Hyderabad
BB Samantray,Sunrisers Hyderabad
DH Yagnik,Rajasthan Royals
VR Iyer,Royal Challengers Bengaluru
CM Gautam,Mumbai Indians
FA Allen,Mumbai Indians
SB Joshi,Royal Challengers Bengaluru
Z Khan,Royal Challengers Bengaluru
AG Paunikar,Rajasthan Royals
A Singh,Rajasthan Royals
JM Kemp,Chennai Super Kings
MK Lomror,Rajasthan Royals
AS Rajpoot,Rajasthan Royals
UBT Chand,Rajasthan Royals
Ankit Sharma,Rajasthan Royals
AJ Hosein,Chennai Super Kings
R Smaran,Sunrisers Hyderabad
BB Sran,Mumbai Indians
Ramandeep Singh,Mumbai Indians
T Kohli,Rajasthan Royals
DS Lehmann,Rajasthan Royals
D Salunkhe,Rajasthan Royals
R McLaren,Punjab Kings
NJ Rimmington,Punjab Kings
GC Smith,Pune Warriors
P Dogra,Punjab Kings
Q de Kock,Sunrisers Hyderabad
X Thalaivan Sargunam,Sunrisers Hyderabad
WG Jacks,Royal Challengers Bengaluru
LA Pomersbach,Royal Challengers Bengaluru
M Kaif,Royal Challengers Bengaluru
R McLaren,Mumbai Indians
JP Duminy,Mumbai Indians
Pankaj Singh,Royal Challengers Bengaluru
RV Gomez,Pune Warriors
B Chipli,Delhi Capitals
BJ Rohrer,Delhi Capitals
CM Gautam,Delhi Capitals
S Nadeem,Delhi Capitals
AD Mathews,Delhi Capitals
N Rana,Rajasthan Royals
M Kartik,Pune Warriors
JEC Franklin,Mumbai Indians
J Botha,Delhi Capitals
MC Juneja,Delhi Capitals
PA Reddy,Sunrisers Hyderabad
KC Sangakkara,Sunrisers Hyderabad
MC Henriques,Delhi Capitals
S Ladda,Delhi Capitals
DP Nannes,Delhi Capitals
MN Samuels,Delhi Capitals
CJ Anderson,Delhi Capitals
PJ Cummins,Delhi Capitals
Mohammed Shami,Delhi Capitals
BJ Haddin,Kolkata Knight Riders
LS Livingstone,Rajasthan Royals
KS Bharat,Delhi Capitals
RV Patel,Delhi Capitals
KK Ahmed,Delhi Capitals
S Anirudha,Sunrisers Hyderabad
AJ Finch,Mumbai Indians
CR Woakes,Kolkata Knight Riders
NM Coulter-Nile,Kolkata Knight Riders
JJ Roy,Delhi Capitals
Swapnil Singh,Punjab Kings
CJ Jordan,Mumbai Indians
K Kartikeya,Mumbai Indians
JP Behrendorff,Mumbai Indians
GHS Garton,Royal Challengers Bengaluru
Sanvir Singh,Sunrisers Hyderabad
V Viyaskanth,Sunrisers Hyderabad
KR Mayers,Lucknow Super Giants
K Gowtham,Lucknow Super Giants
MA Wood,Lucknow Super Giants
DJG Sammy,Royal Challengers Bengaluru
SA Abbott,Royal Challengers Bengaluru
AN Ahmed,Royal Challengers Bengaluru
S Dhawan,Mumbai Indians
R Sathish,Mumbai Indians
STR Binny,Mumbai Indians
VR Aaron,Punjab Kings
Younis Khan,Rajasthan Royals
Kamran Akmal,Rajasthan Royals
Pankaj Singh,Rajasthan Royals
TL Suman,Mumbai Indians
HR Shokeen,Mumbai Indians
Arshad Khan,Mumbai Indians
DR Sams,Royal Challengers Bengaluru
LS Livingstone,Sunrisers Hyderabad
Harsh Dubey,Sunrisers Hyderabad
Shivang Kumar,Sunrisers Hyderabad
HV Patel,Sunrisers Hyderabad
BMAJ Mendis,Delhi Capitals
I Udana,Royal Challengers Bengaluru
CH Morris,Royal Challengers Bengaluru
DT Christian,Delhi Capitals
LE Plunkett,Delhi Capitals
B Lee,Punjab Kings
SP Jackson,Kolkata Knight Riders
TG Southee,Kolkata Knight Riders
SE Rutherford,Royal Challengers Bengaluru
DJ Willey,Royal Challengers Bengaluru
PWH de Silva,Royal Challengers Bengaluru
MP Yadav,Lucknow Super Giants
DS Rathi,Lucknow Super Giants
Mohsin Khan,Lucknow Super Giants
S Rana,Royal Challengers Bengaluru
TM Srivastava,Punjab Kings
Umar Gul,Kolkata Knight Riders
AP Majumdar,Pune Warriors
A Nehra,Pune Warriors
Mohammad Nabi,Mumbai Indians
G Coetzee,Mumbai Indians
MK Lomror,Royal Challengers Bengaluru
Vijaykumar Vyshak,Royal Challengers Bengaluru
RS Bopara,Sunrisers Hyderabad
TD Paine,Pune Warriors
MD Mishra,Pune Warriors
SB Wagh,Pune Warriors
AC Thomas,Pune Warriors
A Symonds,Mumbai Indians
PWA Mulder,Sunrisers Hyderabad
Mohammed Shami,Sunrisers Hyderabad
J Botha,Kolkata Knight Riders
M Muralitharan,Royal Challengers Bengaluru
AJ Finch,Kolkata Knight Riders
B Indrajith,Kolkata Knight Riders
Akash Deep,Royal Challengers Bengaluru
J Arunkumar,Royal Challengers Bengaluru
DT Patil,Royal Challengers Bengaluru
Abdur Razzak,Royal Challengers Bengaluru
R Vinay Kumar,Mumbai Indians
A Chandila,Rajasthan Royals
PA Reddy,Deccan Chargers
CA Lynn,Deccan Chargers
Abdul Basith,Rajasthan Royals
VG Arora,Kolkata Knight Riders
S Sohal,Punjab Kings
SM Katich,Punjab Kings
AC Voges,Rajasthan Royals
SD Chitnis,Mumbai Indians
CRD Fernando,Mumbai Indians
VS Yeligati,Mumbai Indians
DJ Hussey,Chennai Super Kings
AUK Pathan,Royal Challengers Bengaluru
P Dogra,Rajasthan Royals
A Uniyal,Rajasthan Royals
AJ Tye,Rajasthan Royals
MS Gony,Punjab Kings
JM Bairstow,Mumbai Indians
BKG Mendis,Gujarat Titans
Azmatullah Omarzai,Punjab Kings
Vishnu Vinod,Punjab Kings
SE Rutherford,Mumbai Indians
CJ Jordan,Chennai Super Kings
P Sahu,Punjab Kings
J Suchith,Delhi Capitals
TA Boult,Delhi Capitals
MS Wade,Delhi Capitals
RJ Peterson,Mumbai Indians
L Ablish,Punjab Kings
SW Billings,Delhi Capitals
Z Khan,Mumbai Indians
RS Sodhi,Punjab Kings
AJ Turner,Lucknow Super Giants
Yudhvir Singh,Lucknow Super Giants
Ravi Bishnoi,Lucknow Super Giants
CA Pujara,Royal Challengers Bengaluru
Q de Kock,Royal Challengers Bengaluru
Akash Deep,Lucknow Super Giants
Atharva Taide,Sunrisers Hyderabad
MM Ali,Kolkata Knight Riders
DW Steyn,Gujarat Lions
GC Viljoen,Punjab Kings
GH Vihari,Delhi Capitals
Avesh Khan,Delhi Capitals
S Lamichhane,Delhi Capitals
AC Blizzard,Mumbai Indians
SP Goswami,Royal Challengers Bengaluru
JDS Neesham,Mumbai Indians
FH Allen,Kolkata Knight Riders
PN Mankad,Lucknow Super Giants
Harbhajan Singh,Kolkata Knight Riders
YV Takawale,Mumbai Indians
RR Raje,Mumbai Indians
Naveen-ul-Haq,Lucknow Super Giants
FA Allen,Punjab Kings
Arshdeep Singh,Punjab Kings
M Markande,Sunrisers Hyderabad
GJ Bailey,Chennai Super Kings
PV Tambe,Gujarat Lions
S Kaushik,Gujarat Lions
J Yadav,Delhi Capitals
BR Dunk,Mumbai Indians
VR Aaron,Royal Challengers Bengaluru
AB Dinda,Royal Challengers Bengaluru
MS Gony,Deccan Chargers
NLTC Perera,Kochi Tuskers Kerala
S Sreesanth,Kochi Tuskers Kerala
RP Singh,Kochi Tuskers Kerala
Shivam Mavi,Kolkata Knight Riders
MG Johnson,Kolkata Knight Riders
M Theekshana,Rajasthan Royals
TU Deshpande,Rajasthan Royals
Sandeep Sharma,Rajasthan Royals
C Munro,Delhi Capitals
Kartik Tyagi,Kolkata Knight Riders
Krish Bhagat,Mumbai Indians
Atharva Taide,Punjab Kings
MW Short,Punjab Kings
Harpreet Singh,Punjab Kings
MN van Wyk,Kolkata Knight Riders
MC Henriques,Kolkata Knight Riders
S Anirudha,Chennai Super Kings
SB Styris,Chennai Super Kings
TK Curran,Delhi Capitals
Azhar Mahmood,Kolkata Knight Riders
H Das,Deccan Chargers
DNT Zoysa,Deccan Chargers
SD Chitnis,Punjab Kings
SP Goswami,Sunrisers Hyderabad
MJ Guptill,Sunrisers Hyderabad
Gurkeerat Singh,Royal Challengers Bengaluru
PVSN Raju,Mumbai Indians
DJ Hooda,Chennai Super Kings
Iqbal Abdulla,Royal Challengers Bengaluru
Q de Kock,Kolkata Knight Riders
BA Bhatt,Punjab Kings
SA Abbott,Sunrisers Hyderabad
S Gopal,Sunrisers Hyderabad
D Kalyankrishna,Deccan Chargers
RR Sarwan,Punjab Kings
C Munro,Kolkata Knight Riders
Ankit Sharma,Deccan Chargers
KV Sharma,Royal Challengers Bengaluru
A Mishra,Lucknow Super Giants
RR Rossouw,Punjab Kings
HV Patel,Punjab Kings
K Rabada,Punjab Kings
SJ Srivastava,Punjab Kings
AA Jhunjhunwala,Pune Warriors
K Upadhyay,Pune Warriors
Y Prithvi Raj,Kolkata Knight Riders
KC Cariappa,Kolkata Knight Riders
KJ Abbott,Punjab Kings
Navdeep Saini,Rajasthan Royals
RD Chahar,Punjab Kings
MK Tiwary,Punjab Kings
MDKJ Perera,Rajasthan Royals
R Shukla,Rajasthan Royals
VH Zol,Royal Challengers Bengaluru
JA Morkel,Royal Challengers Bengaluru
Mandeep Singh,Kolkata Knight Riders
CK Langeveldt,Kolkata Knight Riders
B Akhil,Kochi Tuskers Kerala
CR Brathwaite,Sunrisers Hyderabad
JO Holder,Rajasthan Royals
A Zampa,Rajasthan Royals
Saurav Chauhan,Royal Challengers Bengaluru
C Green,Royal Challengers Bengaluru
JJ Roy,Gujarat Lions
S Narwal,Kolkata Knight Riders
TG Southee,Mumbai Indians
Ravi Bishnoi,Rajasthan Royals
N Burger,Rajasthan Royals
RK Bhui,Sunrisers Hyderabad
KK Ahmed,Sunrisers Hyderabad
LH Ferguson,Kolkata Knight Riders
AB McDonald,Royal Challengers Bengaluru
J Syed Mohammad,Royal Challengers Bengaluru
VVS Laxman,Kochi Tuskers Kerala
M Muralitharan,Kochi Tuskers Kerala
N Jagadeesan,Chennai Super Kings
Vishnu Vinod,Royal Challengers Bengaluru
S Gopal,Mumbai Indians
M de Lange,Mumbai Indians
Sumit Kumar,Delhi Capitals
J Theron,Deccan Chargers
WP Saha,Chennai Super Kings
E Lewis,Rajasthan Royals
GD Phillips,Rajasthan Royals
DA Miller,Rajasthan Royals
C Sakariya,Rajasthan Royals
K Yadav,Rajasthan Royals
Mustafizur Rahman,Rajasthan Royals
P Chopra,Rajasthan Royals
T Stubbs,Mumbai Indians
MC Henriques,Royal Challengers Bengaluru
M Kartik,Royal Challengers Bengaluru
JD Unadkat,Royal Challengers Bengaluru
BA Stokes,Rising Pune Supergiants
SN Thakur,Rising Pune Supergiants
JD Unadkat,Rising Pune Supergiants
AF Milne,Royal Challengers Bengaluru
MK Pandey,Delhi Capitals
YV Dhull,Delhi Capitals
Mustafizur Rahman,Delhi Capitals
CJ Anderson,Royal Challengers Bengaluru
RR Bhatkal,Royal Challengers Bengaluru
DB Ravi Teja,Sunrisers Hyderabad
KAJ Roach,Deccan Chargers
Washington Sundar,Rising Pune Supergiants
DV Malewar,Mumbai Indians
Mohammed Siraj,Gujarat Titans
R Sanjay Yadav,Mumbai Indians
YV Takawale,Royal Challengers Bengaluru
NS Naik,Kolkata Knight Riders
A Mukund,Chennai Super Kings
HH Gibbs,Mumbai Indians
SB Jakati,Chennai Super Kings
L Balaji,Chennai Super Kings
M Muralitharan,Chennai Super Kings
MM Sharma,Gujarat Titans
SH Johnson,Gujarat Titans
Simarjeet Singh,Sunrisers Hyderabad
P Kumar,Sunrisers Hyderabad
BAW Mendis,Kolkata Knight Riders
AB Dinda,Kolkata Knight Riders
NLTC Perera,Mumbai Indians
PD Salt,Delhi Capitals
C Sakariya,Delhi Capitals
VG Arora,Punjab Kings
S Nadeem,Sunrisers Hyderabad
A Flintoff,Chennai Super Kings
Joginder Sharma,Chennai Super Kings
T Thushara,Chennai Super Kings
JJ van der Wath,Royal Challengers Bengaluru
R Ninan,Royal Challengers Bengaluru
LH Ferguson,Gujarat Titans
Yash Dayal,Gujarat Titans
Sediqullah Atal,Delhi Capitals
Arshad Khan (2),Lucknow Super Giants
JE Taylor,Pune Warriors
CR Woakes,Royal Challengers Bengaluru
T Kohler-Cadmore,Rajasthan Royals
M Ntini,Chennai Super Kings
Mujeeb Ur Rahman,Sunrisers Hyderabad
MD Shanaka,Gujarat Titans
Mohammed Shami,Gujarat Titans
KMDN Kulasekara,Chennai Super Kings
VRV Singh,Punjab Kings
U Kaul,Punjab Kings
JO Holder,Lucknow Super Giants
PJ Sangwan,Mumbai Indians
B Stanlake,Sunrisers Hyderabad
Parvez Rasool,Royal Challengers Bengaluru
DE Bollinger,Chennai Super Kings
Sunny Gupta,Delhi Capitals
VR Aaron,Delhi Capitals
T Banton,Kolkata Knight Riders
AM Rahane,Mumbai Indians
S Tyagi,Chennai Super Kings
AB Agarkar,Delhi Capitals
BCJ Cutting,Rajasthan Royals
Imran Tahir,Delhi Capitals
S Kaul,Delhi Capitals
AA Noffke,Royal Challengers Bengaluru
H Klaasen,Royal Challengers Bengaluru
CA Pujara,Kolkata Knight Riders
OA Shah,Kolkata Knight Riders
A Mukund,Royal Challengers Bengaluru
Musheer Khan,Punjab Kings
KA Jamieson,Punjab Kings
Kumar Kushagra,Delhi Capitals
LB Williams,Delhi Capitals
AB McDonald,Delhi Capitals
RG More,Chennai Super Kings
DS Kulkarni,Mumbai Indians
JO Holder,Gujarat Titans
IR Jaggi,Kolkata Knight Riders
AS Rajpoot,Kolkata Knight Riders
S Narwal,Rajasthan Royals
KB Arun Karthik,Chennai Super Kings
SB Jakati,Gujarat Lions
JC Archer,Mumbai Indians
JD Unadkat,Lucknow Super Giants
T Henderson,Rajasthan Royals
SS Shaikh,Kolkata Knight Riders
Swapnil Singh,Royal Challengers Bengaluru
Mukesh Kumar,Delhi Capitals
I Sharma,Delhi Capitals
SD Chitnis,Rajasthan Royals
C Nanda,Mumbai Indians
KS Williamson,Gujarat Titans
BR Sharath,Gujarat Titans
DG Nalkande,Gujarat Titans
UT Yadav,Gujarat Titans
AP Tare,Delhi Capitals
MA Agarwal,Rising Pune Supergiants
DL Chahar,Rising Pune Supergiants
AB Dinda,Rising Pune Supergiants
Imran Tahir,Rising Pune Supergiants
F Behardien,Punjab Kings
JL Pattinson,Mumbai Indians
GB Hogg,Rajasthan Royals
MD Shanaka,Rajasthan Royals
SS Mishra,Rajasthan Royals
Salil Arora,Sunrisers Hyderabad
E Malinga,Sunrisers Hyderabad
Sakib Hussain,Sunrisers Hyderabad
BE Hendricks,Punjab Kings
MJ Suthar,Gujarat Titans
M Vohra,Lucknow Super Giants
KS Sharma,Lucknow Super Giants
AT Carey,Delhi Capitals
PVD Chameera,Lucknow Super Giants
MK Pandey,Mumbai Indians
JDS Neesham,Delhi Capitals
S Sreesanth,Rajasthan Royals
SS Tiwary,Delhi Capitals
RS Gavaskar,Kolkata Knight Riders
SE Bond,Kolkata Knight Riders
MR Marsh,Rising Pune Supergiants
N Sindhu,Gujarat Titans
P Kumar,Mumbai Indians
PJ Sangwan,Gujarat Lions
C Madan,Mumbai Indians
EJG Morgan,Punjab Kings
R Tewatia,Punjab Kings
I Sharma,Punjab Kings
DJ Muthuswami,Delhi Capitals
HE van der Dussen,Rajasthan Royals
Vijaykumar Vyshak,Punjab Kings
R Vinay Kumar,Kolkata Knight Riders
Ankit Sharma,Rising Pune Supergiants
M Ashwin,Rising Pune Supergiants
AN Ahmed,Mumbai Indians
BAW Mendis,Pune Warriors
Azmatullah Omarzai,Gujarat Titans
SZ Mulani,Mumbai Indians
AD Nath,Punjab Kings
SN Thakur,Mumbai Indians
MG Bracewell,Royal Challengers Bengaluru
DJ Malan,Punjab Kings
AG Murtaza,Mumbai Indians
MR Marsh,Sunrisers Hyderabad
T Natarajan,Sunrisers Hyderabad
MJ Owen,Punjab Kings
PWH de Silva,Rajasthan Royals
KT Maphaka,Rajasthan Royals
P Ray Barman,Royal Challengers Bengaluru
A Tomar,Kolkata Knight Riders
KW Richardson,Royal Challengers Bengaluru
Mukesh Choudhary,Chennai Super Kings
PP Hinge,Sunrisers Hyderabad
S Sriram,Royal Challengers Bengaluru
PJ Sangwan,Gujarat Titans
MP Breetzke,Lucknow Super Giants
Kamran Khan,Rajasthan Royals
EJG Morgan,Royal Challengers Bengaluru
JD Unadkat,Delhi Capitals
P Parameswaran,Royal Challengers Bengaluru
Tanush Kotian,Rajasthan Royals
KA Maharaj,Rajasthan Royals
D du Preez,Royal Challengers Bengaluru
Liton Das,Kolkata Knight Riders
KW Richardson,Pune Warriors
YA Abdulla,Punjab Kings
Simarjeet Singh,Chennai Super Kings
M Theekshana,Chennai Super Kings
Vivrant Sharma,Sunrisers Hyderabad
LH Ferguson,Punjab Kings
R Bishnoi,Royal Challengers Bengaluru
AJ Hosein,Sunrisers Hyderabad
PK Garg,Delhi Capitals
Ankit Soni,Gujarat Lions
Shivam Sharma,Punjab Kings
Brijesh Sharma,Rajasthan Royals
A Dananjaya,Mumbai Indians
Fazalhaq Farooqi,Rajasthan Royals
VS Malik,Punjab Kings
AS Rajpoot,Chennai Super Kings
P Dubey,Delhi Capitals
Mashrafe Mortaza,Kolkata Knight Riders
Parvez Rasool,Pune Warriors
R Shepherd,Lucknow Super Giants
Auqib Nabi,Delhi Capitals
T Natarajan,Delhi Capitals
TK Curran,Kolkata Knight Riders
SH Johnson,Kolkata Knight Riders
VS Malik,Rajasthan Royals
TA Boult,Kolkata Knight Riders
KK Ahmed,Chennai Super Kings
K Gowtham,Punjab Kings
Ravi Bishnoi,Punjab Kings
DR Sams,Delhi Capitals
SS Cottrell,Punjab Kings
P Parameswaran,Kochi Tuskers Kerala
IK Pathan,Gujarat Lions
TU Deshpande,Chennai Super Kings
RJ Gleeson,Chennai Super Kings
M Prasidh Krishna,Gujarat Titans
JA Richardson,Delhi Capitals
JE Root,Rajasthan Royals
KM Asif,Rajasthan Royals
CR Woakes,Delhi Capitals
Mohit Rathee,Punjab Kings
CJ Jordan,Sunrisers Hyderabad
JDS Neesham,Rajasthan Royals
MM Patel,Gujarat Lions
S Randiv,Chennai Super Kings
K Kartikeya,Rajasthan Royals
Akash Madhwal,Rajasthan Royals
CJ Jordan,Royal Challengers Bengaluru
RP Meredith,Mumbai Indians
JL Denly,Kolkata Knight Riders
CK Langeveldt,Royal Challengers Bengaluru
Mayank Dagar,Royal Challengers Bengaluru
RJW Topley,Royal Challengers Bengaluru
Mohammed Shami,Kolkata Knight Riders
Ashwani Kumar,Mumbai Indians
NM Coulter-Nile,Rajasthan Royals
Anuj Rawat,Rajasthan Royals
GR Napier,Mumbai Indians
FH Edwards,Deccan Chargers
M Tiwari,Delhi Capitals
SH Johnson,Chennai Super Kings
PM Sarvesh Kumar,Deccan Chargers
DP Vijaykumar,Deccan Chargers
AJ Finch,Rajasthan Royals
Swapnil Singh,Lucknow Super Giants
Mohammad Ashraful,Mumbai Indians
A Nehra,Sunrisers Hyderabad
V Pratap Singh,Deccan Chargers
D Ferreira,Delhi Capitals
AR Bawne,Delhi Capitals
Aman Hakim Khan,Kolkata Knight Riders
SU Parakh,Delhi Capitals
T Dahiya,Kolkata Knight Riders
SR Dubey,Kolkata Knight Riders
SN Thakur,Punjab Kings
DR Martyn,Rajasthan Royals
Ravi Singh,Rajasthan Royals
AF Milne,Rajasthan Royals
AB Dinda,Delhi Capitals
Arjun Tendulkar,Mumbai Indians
MJ Lumb,Deccan Chargers
Sachin Baby,Rajasthan Royals
S Sriram,Delhi Capitals
L Wood,Mumbai Indians
CA Lynn,Mumbai Indians
M Jansen,Mumbai Indians
M Prasidh Krishna,Rajasthan Royals
YS Chahal,Rajasthan Royals
KR Sen,Rajasthan Royals
AM Ghazanfar,Mumbai Indians
PSP Handscomb,Rising Pune Supergiants
DAJ Bracewell,Delhi Capitals
PJ Sangwan,Kolkata Knight Riders
WD Parnell,Royal Challengers Bengaluru
DA Payne,Sunrisers Hyderabad
Shivam Singh,Punjab Kings
KA Jamieson,Delhi Capitals
P Dogra,Kolkata Knight Riders
Shoaib Akhtar,Kolkata Knight Riders
WD Parnell,Delhi Capitals
LH Ferguson,Royal Challengers Bengaluru
KS Rathore,Rajasthan Royals
RD Chahar,Rising Pune Supergiants
LH Ferguson,Rising Pune Supergiants
Y Gnaneswara Rao,Kochi Tuskers Kerala
Harmeet Singh,Deccan Chargers
UA Birla,Pune Warriors
M Rawat,Pune Warriors
Akash Madhwal,Mumbai Indians
Parvez Rasool,Sunrisers Hyderabad
T Shamsi,Rajasthan Royals
A Nortje,Lucknow Super Giants
